Repository's Location,Branch,File Formats,Ignore Glob List,Ignore standalone config,Ignore Commits List,Ignore Authors List,Shallow Cloning,Find Previous Authors
https://github.com/ltzehan/ip.git,master,,tutorials/**,,,,,
https://github.com/kdh3799/ip.git,master,,tutorials/**,,,,,
https://github.com/shawntangy/ip.git,master,,tutorials/**,,,,,
https://github.com/jaredoong/ip.git,master,,tutorials/**,,,,,
https://github.com/MingEn82/ip.git,master,,tutorials/**,,,,,
https://github.com/Bawfen/ip.git,master,,tutorials/**,,,,,
https://github.com/choongzhanhong/ip.git,master,,tutorials/**,,,,,
https://github.com/lihka1202/ip.git,master,,tutorials/**,,,,,
https://github.com/ghzr0/ip.git,master,,tutorials/**,,,,,
https://github.com/matthew-liu-zhenjie/ip.git,master,,tutorials/**,,,,,
https://github.com/Rayleigh47/ip.git,master,,tutorials/**,,,,,
https://github.com/YatPang/ip.git,master,,tutorials/**,,,,,
https://github.com/TzeLoong/ip.git,master,,tutorials/**,,,,,
https://github.com/avielcx/ip.git,master,,tutorials/**,,,,,
https://github.com/jeromeongithub/ip.git,master,,tutorials/**,,,,,
https://github.com/tyuyang/ip.git,master,,tutorials/**,,,,,
https://github.com/Zeno-Zr/ip.git,master,,tutorials/**,,,,,
https://github.com/clement559/ip.git,master,,tutorials/**,,,,,
https://github.com/typingpanda/ip.git,master,,tutorials/**,,,,,
https://github.com/EangJS/ip.git,master,,tutorials/**,,,,,
https://github.com/Zhang-Zhitong/ip.git,master,,tutorials/**,,,,,
https://github.com/ERJUNZE/ip.git,master,,tutorials/**,,,,,
https://github.com/Jeraldchen/ip.git,master,,tutorials/**,,,,,
https://github.com/Magmanat/ip.git,master,,tutorials/**,,,,,
https://github.com/brennanzuz/ip.git,master,,tutorials/**,,,,,
https://github.com/kairuler/ip.git,master,,tutorials/**,,,,,
https://github.com/ArtemiszenN/ip.git,master,,tutorials/**,,,,,
https://github.com/khooyourun/ip.git,master,,tutorials/**,,,,,
https://github.com/itszhixuan/ip.git,master,,tutorials/**,,,,,
https://github.com/YC-Michael/ip.git,master,,tutorials/**,,,,,
https://github.com/RuiShengGit/ip.git,master,,tutorials/**,,,,,
https://github.com/lohjooh/ip.git,master,,tutorials/**,,,,,
https://github.com/L-K-Chng/ip.git,master,,tutorials/**,,,,,
https://github.com/SpawnageLoong/ip.git,master,,tutorials/**,,,,,
https://github.com/Manoj364/ip.git,master,,tutorials/**,,,,,
https://github.com/LimHongYao/ip.git,master,,tutorials/**,,,,,
https://github.com/Vignesh-30/ip.git,master,,tutorials/**,,,,,
https://github.com/miahjerry/ip.git,master,,tutorials/**,,,,,
https://github.com/Geeeetyx/ip.git,master,,tutorials/**,,,,,
https://github.com/waiter-palypoo/ip.git,master,,tutorials/**,,,,,
https://github.com/euzhengxi/ip.git,master,,tutorials/**,,,,,
https://github.com/Khulon/ip.git,master,,tutorials/**,,,,,
https://github.com/cleoncheng2000/ip.git,master,,tutorials/**,,,,,
https://github.com/kishore-a00/ip.git,master,,tutorials/**,,,,,
https://github.com/firwer/ip.git,master,,tutorials/**,,,,,
https://github.com/Ansenn/ip.git,master,,tutorials/**,,,,,
https://github.com/chiayuxuan/ip.git,master,,tutorials/**,,,,,
https://github.com/ZhongXiangWong/ip.git,master,,tutorials/**,,,,,
https://github.com/sriram-senthilkr/ip.git,master,,tutorials/**,,,,,
https://github.com/Chick3nBoy/ip.git,master,,tutorials/**,,,,,
https://github.com/Arif-Khalid/ip.git,master,,tutorials/**,,,,,
https://github.com/nikkiDEEE/ip.git,master,,tutorials/**,,,,,
https://github.com/leonghuenweng/ip.git,master,,tutorials/**,,,,,
https://github.com/jared-ee/ip.git,master,,tutorials/**,,,,,
https://github.com/wuzhzn/ip.git,master,,tutorials/**,,,,,
https://github.com/jeraldgau/ip.git,master,,tutorials/**,,,,,
https://github.com/MustafaAH10/ip.git,master,,tutorials/**,,,,,
https://github.com/KedrianLoh/ip.git,master,,tutorials/**,,,,,
https://github.com/ngkaiwen123/ip.git,master,,tutorials/**,,,,,
https://github.com/Reynold-SL/ip.git,master,,tutorials/**,,,,,
https://github.com/Toh-HongFeng/ip.git,master,,tutorials/**,,,,,
https://github.com/briantjs00/ip.git,master,,tutorials/**,,,,,
https://github.com/Aung-Phone-Naing/ip.git,master,,tutorials/**,,,,,
https://github.com/nicholas132000/ip.git,master,,tutorials/**,,,,,
https://github.com/haoyangw/ip.git,master,,tutorials/**,,,,,
https://github.com/calebcjl/ip.git,master,,tutorials/**,,,,,
https://github.com/Samueltansw/ip.git,master,,tutorials/**,,,,,
https://github.com/adenteo/ip.git,master,,tutorials/**,,,,,
https://github.com/dendendenden04/ip.git,master,,tutorials/**,,,,,
https://github.com/Koh-Jing-Jie-Marcus/ip.git,master,,tutorials/**,,,,,
https://github.com/thant/ip.git,master,,tutorials/**,,,,,
https://github.com/nichyjt/ip.git,master,,tutorials/**,,,,,
https://github.com/GohJW/ip.git,master,,tutorials/**,,,,,
https://github.com/darrenlsx/ip.git,master,,tutorials/**,,,,,
https://github.com/WilsonLee2000/ip.git,master,,tutorials/**,,,,,
https://github.com/darrenangwx/ip.git,master,,tutorials/**,,,,,
https://github.com/pinyoko573/ip.git,master,,tutorials/**,,,,,
https://github.com/pyongjie/ip.git,master,,tutorials/**,,,,,
https://github.com/vishnuvk47/ip.git,master,,tutorials/**,,,,,
https://github.com/TopGun2001/ip.git,master,,tutorials/**,,,,,
https://github.com/Gan868611/ip.git,master,,tutorials/**,,,,,
https://github.com/bentohset/ip.git,master,,tutorials/**,,,,,
https://github.com/dsicol/ip.git,master,,tutorials/**,,,,,
https://github.com/wanjuin/ip.git,master,,tutorials/**,,,,,
https://github.com/ChubbsBunns/ip.git,master,,tutorials/**,,,,,
https://github.com/SongZijin/ip.git,master,,tutorials/**,,,,,
https://github.com/PoobalanAatmikaLakshmi/ip.git,master,,tutorials/**,,,,,
https://github.com/shannentan/ip.git,master,,tutorials/**,,,,,
https://github.com/tsx0314/ip.git,master,,tutorials/**,,,,,
https://github.com/Ng-YZ/ip.git,master,,tutorials/**,,,,,
https://github.com/yixuann02/ip.git,master,,tutorials/**,,,,,
https://github.com/Stella1585/ip.git,master,,tutorials/**,,,,,
https://github.com/TayJiunYuan/ip.git,master,,tutorials/**,,,,,
https://github.com/javienneyeo/ip.git,master,,tutorials/**,,,,,
https://github.com/Sherlock-YH/ip.git,master,,tutorials/**,,,,,
https://github.com/irving11119/ip.git,master,,tutorials/**,,,,,
https://github.com/TJ-Hoo/ip.git,master,,tutorials/**,,,,,
https://github.com/thomasjlalba/ip.git,master,,tutorials/**,,,,,
https://github.com/WilsonOh/ip.git,master,,tutorials/**,,,,,
https://github.com/heejet/ip.git,master,,tutorials/**,,,,,
https://github.com/hyperbola-bear/ip.git,master,,tutorials/**,,,,,
https://github.com/woowenjun99/ip.git,master,,tutorials/**,,,,,
https://github.com/moseslee9012/ip.git,master,,tutorials/**,,,,,
https://github.com/mingyuannus/ip.git,master,,tutorials/**,,,,,
https://github.com/tanyizhe/ip.git,master,,tutorials/**,,,,,
https://github.com/linuspuah/ip.git,master,,tutorials/**,,,,,
https://github.com/wenxin-c/ip.git,master,,tutorials/**,,,,,
https://github.com/manushridiv/ip.git,master,,tutorials/**,,,,,
https://github.com/Ju-Can/ip.git,master,,tutorials/**,,,,,
https://github.com/iantenkai/ip.git,master,,tutorials/**,,,,,
https://github.com/mitchmalvin1/ip.git,master,,tutorials/**,,,,,
https://github.com/ysl-28/ip.git,master,,tutorials/**,,,,,
https://github.com/Masahiro21/ip.git,master,,tutorials/**,,,,,
https://github.com/SSzeWen/ip.git,master,,tutorials/**,,,,,
https://github.com/ong-ck/ip.git,master,,tutorials/**,,,,,
https://github.com/skyanzy/ip.git,master,,tutorials/**,,,,,
https://github.com/xiaoge26/ip.git,master,,tutorials/**,,,,,
https://github.com/SebastianSoewanto/ip.git,master,,tutorials/**,,,,,
https://github.com/coregano/ip.git,master,,tutorials/**,,,,,
https://github.com/alexgoexercise/ip.git,master,,tutorials/**,,,,,
https://github.com/T-Wan-Lin/ip.git,master,,tutorials/**,,,,,
https://github.com/jinxuan-owyong/ip.git,master,,tutorials/**,,,,,
https://github.com/ollayf/ip.git,master,,tutorials/**,,,,,
https://github.com/honglinshang/ip.git,master,,tutorials/**,,,,,
https://github.com/quanganh2810/ip.git,master,,tutorials/**,,,,,
https://github.com/GraceZhuXY/ip.git,master,,tutorials/**,,,,,
https://github.com/SaiChaitanya13/ip.git,master,,tutorials/**,,,,,
https://github.com/YongbinWang/ip.git,master,,tutorials/**,,,,,
https://github.com/tzixi/ip.git,master,,tutorials/**,,,,,
https://github.com/Ryujikjs/ip.git,master,,tutorials/**,,,,,
https://github.com/AkmalHanis/ip.git,master,,tutorials/**,,,,,
https://github.com/ZIZI-czh/ip.git,master,,tutorials/**,,,,,
https://github.com/JangusRoundstone/ip.git,master,,tutorials/**,,,,,
https://github.com/joulev/ip.git,master,,tutorials/**,,,,,
https://github.com/chao2048/ip.git,master,,tutorials/**,,,,,
https://github.com/JuneNita/ip.git,master,,tutorials/**,,,,,
https://github.com/arsdorintbp2003/ip.git,master,,tutorials/**,,,,,
https://github.com/stevenantya/ip.git,master,,tutorials/**,,,,,
https://github.com/DeepanjaliDhawan/ip.git,master,,tutorials/**,,,,,
https://github.com/MuxPotato/ip.git,master,,tutorials/**,,,,,
https://github.com/kaceycsn/ip.git,master,,tutorials/**,,,,,
https://github.com/hrithie/ip.git,master,,tutorials/**,,,,,
https://github.com/chongyongrui/ip.git,master,,tutorials/**,,,,,
https://github.com/BernardLesley/ip.git,master,,tutorials/**,,,,,
https://github.com/varnika1402/ip.git,master,,tutorials/**,,,,,
https://github.com/ZiqiuZeng/ip.git,master,,tutorials/**,,,,,
https://github.com/Richardtok/ip.git,master,,tutorials/**,,,,,
https://github.com/kyrixn/ip.git,master,,tutorials/**,,,,,
https://github.com/Mnsd05/ip.git,master,,tutorials/**,,,,,
https://github.com/NivethaUdayakumar/ip.git,master,,tutorials/**,,,,,
https://github.com/namsengi11/ip.git,master,,tutorials/**,,,,,
https://github.com/11-Navya/ip.git,master,,tutorials/**,,,,,
https://github.com/Thunderdragon221/ip.git,master,,tutorials/**,,,,,
https://github.com/Dadevchia/ip.git,master,,tutorials/**,,,,,
https://github.com/notbingsu/ip.git,master,,tutorials/**,,,,,
https://github.com/DavidVin357/ip.git,master,,tutorials/**,,,,,
https://github.com/FanZixian/ip.git,master,,tutorials/**,,,,,
https://github.com/stephenkyang/ip.git,master,,tutorials/**,,,,,
https://github.com/sistine-yu/ip.git,master,,tutorials/**,,,,,
https://github.com/MichelleLiang0116/ip.git,master,,tutorials/**,,,,,
https://github.com/superkaiba/ip.git,master,,tutorials/**,,,,,
https://github.com/guillaume-grn/ip.git,master,,tutorials/**,,,,,
https://github.com/L0Z1K/ip.git,master,,tutorials/**,,,,,
https://github.com/victorouy/ip.git,master,,tutorials/**,,,,,
https://github.com/nafisazizir/ip.git,master,,tutorials/**,,,,,
https://github.com/0nandon/ip.git,master,,tutorials/**,,,,,
https://github.com/gurmankalkat/ip.git,master,,tutorials/**,,,,,
https://github.com/de-yi/ip.git,master,,tutorials/**,,,,,
https://github.com/jacob-stein1/ip.git,master,,tutorials/**,,,,,
https://github.com/ngyongjian/ip.git,master,,tutorials/**,,,,,
https://github.com/raydent30/ip.git,master,,tutorials/**,,,,,
https://github.com/kristianachwan/ip.git,master,,tutorials/**,,,,,
https://github.com/adzikrafi/ip.git,master,,tutorials/**,,,,,
https://github.com/douph810975/ip.git,master,,tutorials/**,,,,,
https://github.com/liuziyang020319/ip.git,master,,tutorials/**,,,,,
https://github.com/Zemdalk/ip.git,master,,tutorials/**,,,,,
https://github.com/SpeciLiam/ip.git,master,,tutorials/**,,,,,
https://github.com/marekpinto/ip.git,master,,tutorials/**,,,,,
https://github.com/danxuZhang/ip.git,master,,tutorials/**,,,,,
https://github.com/tangphi/ip.git,master,,tutorials/**,,,,,
https://github.com/zzs-redcocoon/ip.git,master,,tutorials/**,,,,,
https://github.com/nghochi123/ip.git,master,,tutorials/**,,,,,
https://github.com/HiIAmTzeKean/ip.git,master,,tutorials/**,,,,,
https://github.com/aaronxujiachen/ip.git,master,,tutorials/**,,,,,
https://github.com/sansders/ip.git,master,,tutorials/**,,,,,
https://github.com/chokyao/ip.git,master,,tutorials/**,,,,,
https://github.com/Jjzeng123/ip.git,master,,tutorials/**,,,,,
https://github.com/TJW0911/ip.git,master,,tutorials/**,,,,,
https://github.com/NicholasChungJunJie/ip.git,master,,tutorials/**,,,,,
https://github.com/Thiolk/ip.git,master,,tutorials/**,,,,,
https://github.com/azriellee/ip.git,master,,tutorials/**,,,,,
https://github.com/geraldkoh4/ip.git,master,,tutorials/**,,,,,
https://github.com/denzelcjy/ip.git,master,,tutorials/**,,,,,
https://github.com/ngyida/ip.git,master,,tutorials/**,,,,,
https://github.com/BenjaminPoh/ip.git,master,,tutorials/**,,,,,
https://github.com/nigelhao/ip.git,master,,tutorials/**,,,,,
https://github.com/ChongQiRong/ip.git,master,,tutorials/**,,,,,
https://github.com/KN-CY/ip.git,master,,tutorials/**,,,,,
https://github.com/natashatanyt/ip.git,master,,tutorials/**,,,,,
https://github.com/saintzaw/ip.git,master,,tutorials/**,,,,,
https://github.com/anthea-pr0g/ip.git,master,,tutorials/**,,,,,
https://github.com/jingyaaa/ip.git,master,,tutorials/**,,,,,
https://github.com/yuanners/ip.git,master,,tutorials/**,,,,,
https://github.com/lil1n/ip.git,master,,tutorials/**,,,,,
https://github.com/EthanYidong/ip.git,master,,tutorials/**,,,,,
